[Header],,,,,
IEMFileVersion,4,,,,
Investigator Name,ARM,,,,
Experiment Name,ARM_test_cDNA,,,,
Date,05/31/2019,,,,
Workflow,GenerateFASTQ,,,,
Application,FASTQ Only,,,,
Assay,Nextera XT,,,,
Description,,,,,
Chemistry,Default,,,,
,,,,,
[Reads],,,,,
15,,,,,
8,,,,,
70,,,,,
,,,,,
[Settings],,,,,
CustomRead1PrimerMix,C1,,,,
ReverseComplement,0,,,,
,,,,,
[Data],,,,,
Sample_ID,Sample_Name,Index,Index2,Sample_Project,Description
cell_1A,cell_1A,CATATTCCTGGTGG,TAAGGCGA ,,N701
cell_1B,cell_1B,TGCTGTCAGATTGC,TAAGGCGA ,,N701
cell_1C,cell_1C,ACAACAAGGTTCGG,TAAGGCGA ,,N701
cell_1D,cell_1D,CTATTGCCTTCGCC,TAAGGCGA ,,N701
cell_1E,cell_1E,TCGGTGAGGATTGG,TAAGGCGA ,,N701
cell_1F,cell_1F,CAGAGGCTGTTGTC,TAAGGCGA ,,N701
cell_1G,cell_1G,GACAACATCAGCGG,TAAGGCGA ,,N701
cell_1H,cell_1H,ATGAGTAGACCTTC,TAAGGCGA ,,N701
cell_1I,cell_1I,ATATTGCAACCTGG,TAAGGCGA ,,N701
cell_1J,cell_1J,ACCGTTAAGTCGCC,TAAGGCGA ,,N701
cell_1K,cell_1K,TTGGAACCTTGCCG,TAAGGCGA ,,N701
cell_1L,cell_1L,ATCTGTGGTTCTAC,TAAGGCGA ,,N701
cell_1M,cell_1M,GTTATAGCTTGTCG,TAAGGCGA ,,N701
cell_1N,cell_1N,ACCAAGGAACATAC,TAAGGCGA ,,N701
cell_1O,cell_1O,GAGGTATGGTCTTG,TAAGGCGA ,,N701
cell_1P,cell_1P,TTCGTTAACTGTCC,TAAGGCGA ,,N701
cell_3A,cell_3A,AGCTCATAAGTGAG,TAAGGCGA ,,N701
cell_3B,cell_3B,ATGCTCTAACCTCC,TAAGGCGA ,,N701
cell_3C,cell_3C,GAGAAGTAATCCAG,TAAGGCGA ,,N701
cell_3D,cell_3D,TGACTCAAGCGTGC,TAAGGCGA ,,N701
cell_3E,cell_3E,GGAATTCGCTTCGG,TAAGGCGA ,,N701
cell_3F,cell_3F,TTAACCGGAGTTCC,TAAGGCGA ,,N701
cell_3G,cell_3G,TGATTCCTAGGCGG,TAAGGCGA ,,N701
cell_3H,cell_3H,GACACGTGTTCTCC,TAAGGCGA ,,N701
cell_3I,cell_3I,CCTTCTCCATCCTG,TAAGGCGA ,,N701
cell_3J,cell_3J,TGTGCGGTTCGTTC,TAAGGCGA ,,N701
cell_3K,cell_3K,CGCGAATTGATTAG,TAAGGCGA ,,N701
cell_3L,cell_3L,AAGCGCCATGGTTC,TAAGGCGA ,,N701
cell_3M,cell_3M,TTAGGCGTTGGTGG,TAAGGCGA ,,N701
cell_3N,cell_3N,TCAGAGGTAGTTAC,TAAGGCGA ,,N701
cell_3O,cell_3O,ACAAGTCTCACGTG,TAAGGCGA ,,N701
cell_3P,cell_3P,GTTGGTTAGTCTTC,TAAGGCGA ,,N701
cell_5A,cell_5A,AGACGGAGTTGTGG,TAAGGCGA ,,N701
cell_5B,cell_5B,CATTACTATACCGC,TAAGGCGA ,,N701
cell_5C,cell_5C,ACATGAGTGTTCTG,TAAGGCGA ,,N701
cell_5D,cell_5D,CGACAACTACTGCC,TAAGGCGA ,,N701
cell_5E,cell_5E,AATCCTTCGTGTGG,TAAGGCGA ,,N701
cell_5F,cell_5F,ATACCTCAAGGTCC,TAAGGCGA ,,N701
cell_5G,cell_5G,CTCTCCAAGACTGG,TAAGGCGA ,,N701
cell_5H,cell_5H,CAAGGTCTTCCTCC,TAAGGCGA ,,N701
cell_5I,cell_5I,CCAAGCGAACCTTG,TAAGGCGA ,,N701
cell_5J,cell_5J,CCAATTGAGCGCTC,TAAGGCGA ,,N701
cell_5K,cell_5K,TACTACGGTTACGG,TAAGGCGA ,,N701
cell_5L,cell_5L,ACACTACCGTGTCC,TAAGGCGA ,,N701
cell_5M,cell_5M,CACGTGCATACTGG,TAAGGCGA ,,N701
cell_5N,cell_5N,AATAGTTGCGTTGC,TAAGGCGA ,,N701
cell_5O,cell_5O,TATAGGCAACGCGG,TAAGGCGA ,,N701
cell_5P,cell_5P,CAATTCAGTAGCAC,TAAGGCGA ,,N701
cell_7A,cell_7A,ATATGAAGGCTTGG,TAAGGCGA ,,N701
cell_7B,cell_7B,AACCACGATAGGCC,TAAGGCGA ,,N701
cell_7C,cell_7C,CCTTAGATCCTCCG,TAAGGCGA ,,N701
cell_7D,cell_7D,GCTAGAGACTCTTC,TAAGGCGA ,,N701
cell_7E,cell_7E,TACATAAGCCTTCG,TAAGGCGA ,,N701
cell_7F,cell_7F,GTTAGGAAGTTCAC,TAAGGCGA ,,N701
cell_7G,cell_7G,GCCAGGAAGTCTTG,TAAGGCGA ,,N701
cell_7H,cell_7H,TTGATCCGTTCTTC,TAAGGCGA ,,N701
cell_7I,cell_7I,AGCAAGACTAGCGG,TAAGGCGA ,,N701
cell_7J,cell_7J,GGTTAGTAGATTCC,TAAGGCGA ,,N701
cell_7K,cell_7K,AGCCTTGGATCTGG,TAAGGCGA ,,N701
cell_7L,cell_7L,CCGGACTAACCTTC,TAAGGCGA ,,N701
cell_7M,cell_7M,TGAGATCCACCTCG,TAAGGCGA ,,N701
cell_7N,cell_7N,TAGTTGGTACCTTC,TAAGGCGA ,,N701
cell_7O,cell_7O,GTCCAGTAGTATGG,TAAGGCGA ,,N701
cell_7P,cell_7P,AGAGCGATCGTTGC,TAAGGCGA ,,N701
cell_9A,cell_9A,TTATACTCCTTGCG,TAAGGCGA ,,N701
cell_9B,cell_9B,AAGAGTTCTACCAC,TAAGGCGA ,,N701
cell_9C,cell_9C,TCCTTGGTACGTGG,TAAGGCGA ,,N701
cell_9D,cell_9D,ATAATAAGCACGCC,TAAGGCGA ,,N701
cell_9E,cell_9E,AGGCAATCAGGTGG,TAAGGCGA ,,N701
cell_9F,cell_9F,GACCTAACTAGCGC,TAAGGCGA ,,N701
cell_9G,cell_9G,TCTAAGCGGTCTTG,TAAGGCGA ,,N701
cell_9H,cell_9H,CTTCTAGAGGTTCC,TAAGGCGA ,,N701
cell_9I,cell_9I,GAGGCTTAACTTGG,TAAGGCGA ,,N701
cell_9J,cell_9J,AGCATGGACTCTCC,TAAGGCGA ,,N701
cell_9K,cell_9K,TGACAGGACTTCGG,TAAGGCGA ,,N701
cell_9L,cell_9L,TTCCAGATACCTTC,TAAGGCGA ,,N701
cell_9M,cell_9M,GGAGCACTAGCTTG,TAAGGCGA ,,N701
cell_9N,cell_9N,ATAAGACACTCTGC,TAAGGCGA ,,N701
cell_9O,cell_9O,ATGTTATCTCGTGG,TAAGGCGA ,,N701
cell_9P,cell_9P,GAATTCTCGATTCC,TAAGGCGA ,,N701
cell_11A,cell_11A,AGCTAATGTTGTCG,TAAGGCGA ,,N701
cell_11B,cell_11B,GTCAATTCACCTAC,TAAGGCGA ,,N701
cell_11C,cell_11C,GGAACGATATTCAG,TAAGGCGA ,,N701
cell_11D,cell_11D,GGTATTAAGACGTC,TAAGGCGA ,,N701
cell_11E,cell_11E,TATGGTGGACCTGG,TAAGGCGA ,,N701
cell_11F,cell_11F,TCTCACTTCACTCC,TAAGGCGA ,,N701
cell_11G,cell_11G,GCATGTATTACCGG,TAAGGCGA ,,N701
cell_11H,cell_11H,TGTTCACCTGCGTC,TAAGGCGA ,,N701
cell_11I,cell_11I,ACACGCTACTTCGG,TAAGGCGA ,,N701
cell_11J,cell_11J,TGTAACTAGTTGCC,TAAGGCGA ,,N701
cell_11K,cell_11K,TTGTCAAGTGGCGG,TAAGGCGA ,,N701
cell_11L,cell_11L,GGTCTACTGTTCGC,TAAGGCGA ,,N701
cell_11M,cell_11M,AGGTATGTATACGG,TAAGGCGA ,,N701
cell_11N,cell_11N,TTCCTCTAATCGAC,TAAGGCGA ,,N701
cell_11O,cell_11O,GCAAGTACACATAG,TAAGGCGA ,,N701
cell_11P,cell_11P,GAGTCCGATCTCTC,TAAGGCGA ,,N701
cell_13A,cell_13A,TTGCGAGTCTCCTG,TAAGGCGA ,,N701
cell_13B,cell_13B,GGTGGATAAGTTCC,TAAGGCGA ,,N701
cell_13C,cell_13C,CAATCCACACTCCG,TAAGGCGA ,,N701
cell_13D,cell_13D,CCTCCTGAATAGAC,TAAGGCGA ,,N701
cell_13E,cell_13E,ACACTTCGCCTTGG,TAAGGCGA ,,N701
cell_13F,cell_13F,TAATTGCAATCCGC,TAAGGCGA ,,N701
cell_13G,cell_13G,GTATATAACTCCGG,TAAGGCGA ,,N701
cell_13H,cell_13H,AATACTGACGCTCC,TAAGGCGA ,,N701
cell_13I,cell_13I,CGTCATTCTTGCGG,TAAGGCGA ,,N701
cell_13J,cell_13J,AAGTATTCCACTCC,TAAGGCGA ,,N701
cell_13K,cell_13K,ACAGAATCGTCCGG,TAAGGCGA ,,N701
cell_13L,cell_13L,AGGCAGCTAAGTCC,TAAGGCGA ,,N701
cell_13M,cell_13M,TTACTGGCTAGCGG,TAAGGCGA ,,N701
cell_13N,cell_13N,GTATACTCTCAGTC,TAAGGCGA ,,N701
cell_13O,cell_13O,GTAATGCCGTGTAG,TAAGGCGA ,,N701
cell_13P,cell_13P,TATCGGTTGCCTCC,TAAGGCGA ,,N701
cell_15A,cell_15A,CGCGATAACGATCG,TAAGGCGA ,,N701
cell_15B,cell_15B,TGGCCTGTACTGTC,TAAGGCGA ,,N701
cell_15C,cell_15C,TCTCTGGTAGCTAG,TAAGGCGA ,,N701
cell_15D,cell_15D,TACACCTTATTGCC,TAAGGCGA ,,N701
cell_15E,cell_15E,ATTGGTTATGACGG,TAAGGCGA ,,N701
cell_15F,cell_15F,ATACATGACTTGCC,TAAGGCGA ,,N701
cell_15G,cell_15G,CAACCATTGCTTGG,TAAGGCGA ,,N701
cell_15H,cell_15H,TCCGCTTGGTTGTC,TAAGGCGA ,,N701
cell_15I,cell_15I,GCTAATTCCACTCG,TAAGGCGA ,,N701
cell_15J,cell_15J,TCCATGCAATTGTC,TAAGGCGA ,,N701
cell_15K,cell_15K,ACTAGTCCTTGGCG,TAAGGCGA ,,N701
cell_15L,cell_15L,TCCATACGGAGTCC,TAAGGCGA ,,N701
cell_15M,cell_15M,GACAATCTTCTTGG,TAAGGCGA ,,N701
cell_15N,cell_15N,TGACTCTTCTCGCC,TAAGGCGA ,,N701
cell_15O,cell_15O,AGGTCACTGCCTTG,TAAGGCGA ,,N701
cell_15P,cell_15P,ACTTCAATTCTGCC,TAAGGCGA ,,N701
cell_17A,cell_17A,TTCTGCGCCATTCG,TAAGGCGA ,,N701
cell_17B,cell_17B,TTCACTATTGAGCC,TAAGGCGA ,,N701
cell_17C,cell_17C,CCTCGAGAATGTGG,TAAGGCGA ,,N701
cell_17D,cell_17D,AGAGGAACCGCTTC,TAAGGCGA ,,N701
cell_17E,cell_17E,GAGTTCTTGTGCGG,TAAGGCGA ,,N701
cell_17F,cell_17F,AGAAGTCAAGGCGC,TAAGGCGA ,,N701
cell_17G,cell_17G,ACCATGTCGTTCCG,TAAGGCGA ,,N701
cell_17H,cell_17H,ATCGGATAAGATGC,TAAGGCGA ,,N701
cell_17I,cell_17I,TATAATTGCCGCGG,TAAGGCGA ,,N701
cell_17J,cell_17J,GCGCAATAGTCTCC,TAAGGCGA ,,N701
cell_17K,cell_17K,TAGAAGATTGTCGG,TAAGGCGA ,,N701
cell_17L,cell_17L,AATACGCCATATCC,TAAGGCGA ,,N701
cell_17M,cell_17M,GATGTGGACTTCCG,TAAGGCGA ,,N701
cell_17N,cell_17N,ACCTCGTAGCTCTC,TAAGGCGA ,,N701
cell_17O,cell_17O,AACCTGGAACGCTG,TAAGGCGA ,,N701
cell_17P,cell_17P,AACCAGACTTCTCC,TAAGGCGA ,,N701
cell_19A,cell_19A,CTGAACGTGGCTTG,TAAGGCGA ,,N701
cell_19B,cell_19B,TAGGTTCGAGCTCC,TAAGGCGA ,,N701
cell_19C,cell_19C,GAGGATATACTGAG,TAAGGCGA ,,N701
cell_19D,cell_19D,CGATCGGATCATCC,TAAGGCGA ,,N701
cell_19E,cell_19E,GTTCAACTATACGG,TAAGGCGA ,,N701
cell_19F,cell_19F,CGTCAAGCATCTCC,TAAGGCGA ,,N701
cell_19G,cell_19G,CAGCATTGTACGTG,TAAGGCGA ,,N701
cell_19H,cell_19H,GGATTATTGGCGCC,TAAGGCGA ,,N701
cell_19I,cell_19I,CCAACTTCGGTCTG,TAAGGCGA ,,N701
cell_19J,cell_19J,GCGAGGTCGTATTC,TAAGGCGA ,,N701
cell_19K,cell_19K,TCTTGCATCTTCGG,TAAGGCGA ,,N701
cell_19L,cell_19L,CTGGCGGAACATAC,TAAGGCGA ,,N701
cell_19M,cell_19M,TTGCTAAGATACGG,TAAGGCGA ,,N701
cell_19N,cell_19N,CATGGCCAATAGCC,TAAGGCGA ,,N701
cell_19O,cell_19O,AGAACACCATCCGG,TAAGGCGA ,,N701
cell_19P,cell_19P,TCTCGAGGATATTC,TAAGGCGA ,,N701
cell_21A,cell_21A,CAGTCAGAACATGG,TAAGGCGA ,,N701
cell_21B,cell_21B,CTGTGGACCATGTC,TAAGGCGA ,,N701
cell_21C,cell_21C,ATTGGCTGCTGTGG,TAAGGCGA ,,N701
cell_21D,cell_21D,TAACTTAAGACCGC,TAAGGCGA ,,N701
cell_21E,cell_21E,AACACCAATTACGG,TAAGGCGA ,,N701
cell_21F,cell_21F,GTTGCCTTATGGCC,TAAGGCGA ,,N701
cell_21G,cell_21G,AACAGTACCTGCGG,TAAGGCGA ,,N701
cell_21H,cell_21H,GTGATCAATGCCTC,TAAGGCGA ,,N701
cell_21I,cell_21I,GATAGTTGATACGG,TAAGGCGA ,,N701
cell_21J,cell_21J,CAAGGATCTGCGAA,TAAGGCGA ,,N701
cell_21K,cell_21K,ATAAGGCATAGTGG,TAAGGCGA ,,N701
cell_21L,cell_21L,GCTTCACACTCCAA,TAAGGCGA ,,N701
cell_21M,cell_21M,TTGTTGACACTTGG,TAAGGCGA ,,N701
cell_21N,cell_21N,AGGAAGAACCTTGA,TAAGGCGA ,,N701
cell_21O,cell_21O,CATTACCGCTTCGG,TAAGGCGA ,,N701
cell_21P,cell_21P,CTCGCTAACAAGAA,TAAGGCGA ,,N701
cell_23A,cell_23A,GTATCACGCGGTTG,TAAGGCGA ,,N701
cell_23B,cell_23B,TCTGGACTCTGTTA,TAAGGCGA ,,N701
cell_23C,cell_23C,AGCATCCAACATGG,TAAGGCGA ,,N701
cell_23D,cell_23D,TATTGAGAGCGGAA,TAAGGCGA ,,N701
cell_23E,cell_23E,CGTCTTCGACTTCC,TAAGGCGA ,,N701
cell_23F,cell_23F,AACTCTCCGGAGAA,TAAGGCGA ,,N701
cell_23G,cell_23G,TCAACTCGACAGCC,TAAGGCGA ,,N701
cell_23H,cell_23H,GAACAGTGGACCAA,TAAGGCGA ,,N701
cell_23I,cell_23I,AAGGCGACAGTCTC,TAAGGCGA ,,N701
cell_23J,cell_23J,AGGTGTAATGTGGA,TAAGGCGA ,,N701
cell_23K,cell_23K,GACTGAAGATCTCC,TAAGGCGA ,,N701
cell_23L,cell_23L,GCGCTTGTCGACAA,TAAGGCGA ,,N701
cell_23M,cell_23M,CTAGCTAATGCTCC,TAAGGCGA ,,N701
cell_23N,cell_23N,GCTCCGTCACACAA,TAAGGCGA ,,N701
cell_23O,cell_23O,CAGGTACTTATGTC,TAAGGCGA ,,N701
cell_23P,cell_23P,GTCATTGGTCCGAA,TAAGGCGA ,,N701
